n,m,m_estim,Train Loss,Test Loss,Train Accuracy,Test Accuracy
1000,0,,0.0210339558422565,0.0257041357999667,81.69,79.14
1000,500,,0.0151832108348608,0.0266452966058626,86.86,77.94
1000,1000,,0.0146218392424285,0.0320744582291692,89.07000000000001,77.02
1000,4000,,0.0077816156011238,0.0429476412147283,94.556,71.49
1000,10000,,0.0045285622783055,0.0531635159432888,96.93,64.86
