n,m,m_estim,Train Loss,Test Loss,Train Accuracy,Test Accuracy
50.0,0,0,3.893743232765701e-07,0.0384712617158889,100.0,75.98
50.0,25,0,5.299793022762363e-07,0.032091115245223,100.0,78.35
50.0,50,0,3.286758394096978e-06,0.0222750353336334,100.0,82.16
50.0,125,0,2.299005269638396e-06,0.0206486821860075,100.0,84.23
50.0,500,0,2.235522143018897e-05,0.0206275873631238,99.96363636363635,84.85000000000001
50.0,750,0,1.2078287782202325e-06,0.0208440648302435,100.0,87.58
