n,m,m_estim,Train Loss,Test Loss,Train Accuracy,Test Accuracy
50.0,0,0,3.893743232765701e-07,0.0384712617158889,100.0,75.98
50.0,25,0,8.708612901197436e-07,0.0268793477833271,100.0,80.24
50.0,50,0,1.2061305205861571e-06,0.0253142682671546,100.0,82.91
50.0,125,0,6.602308521645942e-06,0.0178364738732576,100.0,88.03
50.0,500,0,7.1143422337958e-05,0.0149496048256754,99.90909090909092,89.55
50.0,750,0,9.191924660626682e-05,0.0124652629390358,99.9125,90.19
