n,m,m_estim,Train Loss,Test Loss,Train Accuracy,Test Accuracy
50.0,0,,0.0380240084568659,0.0359953382372856,77.21166666666667,77.79
50.0,25,,0.0530775794724623,0.050404189791996,79.50833333333334,79.72
50.0,50,,0.0485852787733078,0.0488490493923425,81.14166666666667,81.17
50.0,125,,0.04265,0.0413136,82.9883,83.54
50.0,250,,0.08104,0.07773,85.365,85.63
50.0,500,,0.0965213934600353,0.0929030022121965,85.18833333333333,85.92999999999999
50.0,2500,,0.08949059485991796,0.08892362850904464,84.85000000000001,84.89999999999999
