n,m,m_estim,Train Loss,Test Loss,Train Accuracy,Test Accuracy
50.0,0,0,3.893743232765701e-07,0.0384712617158889,100.0,75.98
50.0,25,0,3.767016033331553e-06,0.0308893568515777,100.0,72.23
50.0,50,0,1.509627077030018e-05,0.0299157675445079,100.0,76.33
50.0,125,0,5.997890832700899e-05,0.0305049821853637,100.0,75.48
50.0,500,0,0.003902948078784,0.0208566212892532,89.7090909090909,74.53999999999999
50.0,750,0,0.0060880896989256,0.0194659003436565,81.8,76.42
