n,m,m_estim,Train Loss,Test Loss,Train Accuracy,Test Accuracy
50.0,0,0,3.893743232765701e-07,0.0384712617158889,100.0,75.98
50.0,25,0,3.1354616294265725e-07,0.0389575130045413,100.0,75.33
50.0,50,0,2.928469280050194e-07,0.0385631446003913,100.0,75.38
50.0,125,0,7.77889158468627e-07,0.0289617342591285,100.0,77.71000000000001
50.0,500,0,0.003226802599701,0.0210353337347507,99.43636363636364,77.46
50.0,750,0,0.002336393437348306,0.025481609350442885,80.7625,74.58