n,m,m_estim,Train Loss,Test Loss,Train Accuracy,Test Accuracy
50.0,0,0,3.893743232765701e-07,0.0384712617158889,100.0,75.98
50.0,25,0,1.6555756643106145e-06,0.0282518746972084,100.0,78.48
50.0,50,0,3.907748567100323e-06,0.0224623867243528,100.0,82.39999999999999
50.0,125,0,8.736170798209352e-05,0.0215857522696256,99.699021820918,83.37
50.0,500,0,0.0003370406907235,0.0191372487440705,99.44736842105264,85.97
50.0,750,0,0.001475016149359,0.0169280291914939,96.07339449541284,85.42999999999999
