n,m,m_estim,Train Loss,Test Loss,Train Accuracy,Test Accuracy
50.0,0,0,3.893743232765701e-07,0.0384712617158889,100.0,75.98
50.0,25,0,5.678197510249287e-07,0.0262616540849208,100.0,82.02000000000001
50.0,50,0,3.2958956538224485e-06,0.0195915462791919,100.0,83.94
50.0,125,0,5.043989759120702e-06,0.0172931282103061,100.0,87.58
50.0,500,0,8.100974230807237e-05,0.0152517202377319,99.83756345177665,89.8
50.0,750,0,8.641713358804753e-06,0.014592195910587908,100.0,91.34
