n,m,m_estim,Train Loss,Test Loss,Train Accuracy,Test Accuracy
50.0,0,0,3.893743232765701e-07,0.0384712617158889,100.0,75.98
50.0,25,0,8.430088200839236e-07,0.0300397071659564,100.0,77.9
50.0,50,0,8.571430482655106e-07,0.0250784925222396,100.0,82.95
50.0,125,0,2.19427765578207e-06,0.0175875618949532,100.0,86.97
50.0,500,0,0.0002143176268873,0.0194733106032013,99.475,89.21
50.0,750,0,0.0001697583081777734,0.014575577799230814,99.73913043478261,89.2
