n,m,m_estim,Train Loss,Test Loss,Train Accuracy,Test Accuracy
50.0,0,0,3.893743232765701e-07,0.0384712617158889,100.0,75.98
50.0,25,0,3.205218508810503e-07,0.0380460514068603,100.0,75.87
50.0,50,0,2.8594508112291807e-06,0.0266774349719285,100.0,79.34
50.0,125,0,1.842620683386745e-07,0.0357386814951896,100.0,79.10000000000001
50.0,500,0,2.6910185986873165e-05,0.0217524814069271,99.94545454545457,78.86999999999999
50.0,750,0,2.123056333278584e-07,0.0276238359838724,100.0,80.85
