n,m,m_estim,Train Loss,Test Loss,Train Accuracy,Test Accuracy
50.0,0,0,3.893743232765701e-07,0.0384712617158889,100.0,75.98
50.0,25,0,6.683188742802788e-07,0.0294157699346542,100.0,79.23
50.0,50,0,2.5263255156460216e-06,0.018631459993124,100.0,85.27
50.0,125,0,2.5706482252904346e-05,0.0207370284378528,99.94285714285716,87.03
50.0,500,0,1.2803233544135847e-05,0.0148313035495579,100.0,89.49000000000001
50.0,750,0,9.841294365378416e-05,0.0150087491706013,99.8625,89.39
