n,m,m_estim,Train Loss,Test Loss,Train Accuracy,Test Accuracy
50.0,0,,0.0400155964250365,0.0381895667791366,75.26,76.0
50.0,25,,0.0888381811792651,0.08906369535923,82.61666666666667,83.17
50.0,50,,0.0716185074349244,0.0732733446061611,84.03333333333333,84.15
50.0,100,,0.0949834143911798,0.0982520734325051,85.47666666666667,85.84
50.0,125,,0.1057708371683955,0.1048524291358888,84.54166666666667,85.15
50.0,500,,0.0825811319544043,0.0822367693811655,86.08833333333334,86.33999999999999
50.0,750,,0.08176349827597539,0.0824662474155426,85.82,86.26
